{
  "credit": "Made with Blockbench",
  "texture_size": [
    32,
    32
  ],
  "elements": [
    {
      "from": [
        0,
        10,
        0
      ],
      "to": [
        13,
        12,
        2
      ],
      "faces": {
        "north": {
          "uv": [
            0,
            0,
            6.5,
            1
          ],
          "texture": "#0"
        },
        "east": {
          "uv": [
            4,
            8,
            5,
            9
          ],
          "texture": "#0"
        },
        "south": {
          "uv": [
            0,
            1,
            6.5,
            2
          ],
          "texture": "#0"
        },
        "west": {
          "uv": [
            5,
            8,
            6,
            9
          ],
          "texture": "#0"
        },
        "up": {
          "uv": [
            6.5,
            3,
            0,
            2
          ],
          "texture": "#0"
        },
        "down": {
          "uv": [
            6.5,
            3,
            0,
            4
          ],
          "texture": "#0"
        }
      }
    },
    {
      "from": [
        -4,
        8,
        0
      ],
      "to": [
        -2,
        21,
        2
      ],
      "rotation": {
        "angle": -22.5,
        "axis": "z",
        "origin": [
          8,
          4,
          0
        ]
      },
      "faces": {
        "north": {
          "uv": [
            0,
            4,
            1,
            10.5
          ],
          "texture": "#0"
        },
        "east": {
          "uv": [
            1,
            4,
            2,
            10.5
          ],
          "texture": "#0"
        },
        "south": {
          "uv": [
            2,
            4,
            3,
            10.5
          ],
          "texture": "#0"
        },
        "west": {
          "uv": [
            3,
            4,
            4,
            10.5
          ],
          "texture": "#0"
        },
        "up": {
          "uv": [
            7,
            9,
            6,
            8
          ],
          "texture": "#0"
        },
        "down": {
          "uv": [
            8,
            8,
            7,
            9
          ],
          "texture": "#0"
        }
      }
    },
    {
      "from": [
        8,
        14,
        0
      ],
      "to": [
        21,
        16,
        2
      ],
      "rotation": {
        "angle": 45,
        "axis": "z",
        "origin": [
          8,
          4,
          0
        ]
      },
      "faces": {
        "north": {
          "uv": [
            4,
            4,
            10.5,
            5
          ],
          "texture": "#0"
        },
        "east": {
          "uv": [
            8,
            8,
            9,
            9
          ],
          "texture": "#0"
        },
        "south": {
          "uv": [
            4,
            5,
            10.5,
            6
          ],
          "texture": "#0"
        },
        "west": {
          "uv": [
            4,
            9,
            5,
            10
          ],
          "texture": "#0"
        },
        "up": {
          "uv": [
            10.5,
            7,
            4,
            6
          ],
          "texture": "#0"
        },
        "down": {
          "uv": [
            13,
            0,
            6.5,
            1
          ],
          "texture": "#0"
        }
      }
    },
    {
      "from": [
        5,
        10,
        0
      ],
      "to": [
        18,
        12,
        2
      ],
      "rotation": {
        "angle": 22.5,
        "axis": "z",
        "origin": [
          0,
          0,
          0
        ]
      },
      "faces": {
        "north": {
          "uv": [
            6.5,
            1,
            13,
            2
          ],
          "texture": "#0"
        },
        "east": {
          "uv": [
            5,
            9,
            6,
            10
          ],
          "texture": "#0"
        },
        "south": {
          "uv": [
            6.5,
            2,
            13,
            3
          ],
          "texture": "#0"
        },
        "west": {
          "uv": [
            6,
            9,
            7,
            10
          ],
          "texture": "#0"
        },
        "up": {
          "uv": [
            13,
            4,
            6.5,
            3
          ],
          "texture": "#0"
        },
        "down": {
          "uv": [
            10.5,
            7,
            4,
            8
          ],
          "texture": "#0"
        }
      }
    }
  ],
  "display": {
    "thirdperson_righthand": {
      "rotation": [
        -121.69,
        82.95,
        -51.66
      ],
      "translation": [
        0,
        6.75,
        26.25
      ]
    },
    "thirdperson_lefthand": {
      "translation": [
        -9.75,
        -11.75,
        -5
      ]
    },
    "firstperson_righthand": {
      "translation": [
        0,
        -6.75,
        0
      ]
    },
    "firstperson_lefthand": {
      "translation": [
        0,
        -7.75,
        0
      ]
    },
    "ground": {
      "translation": [
        17.75,
        7,
        24.25
      ],
      "scale": [
        4,
        1,
        4
      ]
    },
    "gui": {
      "rotation": [
        131.75,
        0,
        0
      ],
      "translation": [
        21.25,
        0,
        0
      ],
      "scale": [
        1.36133,
        1,
        1
      ]
    },
    "head": {
      "rotation": [
        0,
        -80.25,
        0
      ],
      "translation": [
        -6.75,
        2,
        3
      ]
    },
    "fixed": {
      "rotation": [
        0,
        0,
        42.25
      ],
      "translation": [
        0,
        -4.75,
        -32.25
      ],
      "scale": [
        1,
        2.28906,
        1
      ]
    }
  }
}