{
  "_fv": 77,
  "_type": "biome",
  "definition": {
    "name": "a 1",
    "groundBlock": {
      "value": "Blocks.CRAFTING_TABLE"
    },
    "undergroundBlock": {
      "value": "Blocks.FURNACE"
    },
    "underwaterBlock": {
      "value": "Blocks.COMMAND_BLOCK"
    },
    "airColor": {
      "value": -16777012,
      "falpha": 0.0
    },
    "fogColor": {
      "value": -3407872,
      "falpha": 0.0
    },
    "grassColor": {
      "value": -16724788,
      "falpha": 0.0
    },
    "foliageColor": {
      "value": -13369549,
      "falpha": 0.0
    },
    "waterColor": {
      "value": -65332,
      "falpha": 0.0
    },
    "waterFogColor": {
      "value": -205,
      "falpha": 0.0
    },
    "ambientSound": {
      "value": "item.armor.equip_diamond"
    },
    "additionsSound": {
      "value": "entity.villager.work_mason"
    },
    "music": {
      "value": "ambient.underwater.loop"
    },
    "moodSound": {
      "value": "ui.toast.in"
    },
    "moodSoundDelay": 6000,
    "spawnParticles": true,
    "particleToSpawn": {
      "value": "SPELL"
    },
    "particlesProbability": 0.5,
    "rainingPossibility": 0.5,
    "temperature": 0.5,
    "spawnBiome": true,
    "spawnInCaves": true,
    "spawnBiomeNether": true,
    "genTemperature": {
      "min": -0.5,
      "max": 0.5
    },
    "genHumidity": {
      "min": -0.5,
      "max": 0.5
    },
    "genContinentalness": {
      "min": 0.3,
      "max": 1.0
    },
    "genErosion": {
      "min": -0.6,
      "max": 0.6
    },
    "genWeirdness": {
      "min": -1.0,
      "max": 1.0
    },
    "treesPerChunk": 3,
    "vanillaTreeType": "Default",
    "treeType": 1,
    "minHeight": 7,
    "treeStem": {
      "value": "Blocks.IRON_ORE"
    },
    "treeBranch": {
      "value": "Blocks.CUT_SANDSTONE_SLAB"
    },
    "treeVines": {
      "value": "Blocks.AMETHYST_CLUSTER"
    },
    "treeFruits": {
      "value": "Blocks.CHERRY_WALL_HANGING_SIGN"
    },
    "defaultFeatures": [
      "Caves",
      "Ores",
      "FrozenTopLayer"
    ],
    "spawnStronghold": true,
    "spawnMineshaft": true,
    "spawnMineshaftMesa": true,
    "spawnPillagerOutpost": true,
    "villageType": "desert",
    "spawnWoodlandMansion": true,
    "spawnJungleTemple": true,
    "spawnDesertPyramid": true,
    "spawnSwampHut": true,
    "spawnIgloo": true,
    "spawnOceanMonument": true,
    "spawnShipwreck": true,
    "spawnShipwreckBeached": true,
    "spawnBuriedTreasure": true,
    "oceanRuinType": "NONE",
    "spawnNetherBridge": true,
    "spawnNetherFossil": true,
    "spawnBastionRemnant": true,
    "spawnEndCity": true,
    "spawnRuinedPortal": "NONE",
    "spawnEntries": [
      {
        "entity": {
          "value": "CUSTOM:A2"
        },
        "minGroup": 4,
        "maxGroup": 4,
        "weight": 20,
        "spawnType": "monster"
      }
    ]
  }
}