{
  "_fv": 77,
  "_type": "tool",
  "definition": {
    "toolType": "Pickaxe",
    "renderType": 1,
    "blockingRenderType": 0,
    "texture": "minecraft:acacia_boat",
    "customModelName": "vvvv:default",
    "blockingModelName": "Normal blocking",
    "name": "Aaad",
    "specialInformation": {
      "fixedValue": [
        "Enchant it with A4, then right - click on the block. There will be a surprise."
      ]
    },
    "creativeTabs": [
      {
        "value": "TOOLS"
      },
      {
        "value": "CUSTOM:Sdfgt"
      }
    ],
    "efficiency": 4.0,
    "attackSpeed": 1.0,
    "enchantability": 2,
    "damageVsEntity": 4.0,
    "usageCount": 100,
    "glowCondition": {
      "fixedValue": false
    },
    "repairItems": [],
    "immuneToFire": false,
    "blockDropsTier": "WOOD",
    "blocksAffected": [],
    "stayInGridWhenCrafting": false,
    "damageOnCrafting": false,
    "onRightClickedOnBlock": {
      "name": "A5"
    }
  }
}