{
  "_fv": 77,
  "_type": "feature",
  "definition": {
    "skipPlacement": true,
    "generationStep": "SURFACE_STRUCTURES",
    "restrictionBiomes": [],
    "featurexml": "<xml xmlns=\"https://developers.google.com/blockly/xml\"><block type=\"feature_container\" deletable=\"false\" x=\"40\" y=\"40\"><value name=\"feature\"><block type=\"feature_simple_random_selector\"><mutation xmlns=\"http://www.w3.org/1999/xhtml\" inputs=\"5\"></mutation><value name=\"feature0\"><block type=\"feature_geode_simple\"><mutation xmlns=\"http://www.w3.org/1999/xhtml\" inputs=\"1\"></mutation><field name=\"size\">1</field><field name=\"cannot_replace_tag\">features_cannot_replace</field><field name=\"invalid_blocks_tag\">geode_invalid_blocks</field><field name=\"invalid_blocks_count\">100</field><value name=\"filling\"><block type=\"blockstate_selector\"><mutation xmlns=\"http://www.w3.org/1999/xhtml\" inputs=\"0\"></mutation><field name=\"block\">Blocks.AIR</field></block></value><value name=\"inner_layer\"><block type=\"blockstate_selector\"><mutation xmlns=\"http://www.w3.org/1999/xhtml\" inputs=\"0\"></mutation><field name=\"block\">Blocks.DEEPSLATE_IRON_ORE</field></block></value><value name=\"alternate_inner_layer\"><block type=\"blockstate_selector\"><mutation xmlns=\"http://www.w3.org/1999/xhtml\" inputs=\"0\"></mutation><field name=\"block\">Blocks.DIAMOND_BLOCK</field></block></value><value name=\"middle_layer\"><block type=\"blockstate_selector\"><mutation xmlns=\"http://www.w3.org/1999/xhtml\" inputs=\"0\"></mutation><field name=\"block\">Blocks.DIAMOND_ORE</field></block></value><value name=\"outer_layer\"><block type=\"blockstate_selector\"><mutation xmlns=\"http://www.w3.org/1999/xhtml\" inputs=\"0\"></mutation><field name=\"block\">Blocks.EMERALD_ORE</field></block></value><value name=\"crystal0\"><block type=\"blockstate_selector\"><mutation xmlns=\"http://www.w3.org/1999/xhtml\" inputs=\"0\"></mutation><field name=\"block\">Blocks.AMETHYST_CLUSTER</field></block></value></block></value><value name=\"feature1\"><block type=\"feature_random_patch_simple\"><field name=\"tries\">128</field><field name=\"xzSpread\">7</field><field name=\"ySpread\">3</field><field name=\"schedule_tick\">FALSE</field><value name=\"block\"><block type=\"blockstate_selector\"><mutation xmlns=\"http://www.w3.org/1999/xhtml\" inputs=\"0\"></mutation><field name=\"block\">Blocks.CAKE</field></block></value><value name=\"condition\"><block type=\"block_predicate_is_air\"></block></value></block></value><value name=\"feature2\"><block type=\"feature_tree_spruce\"><mutation xmlns=\"http://www.w3.org/1999/xhtml\" inputs=\"0\"></mutation><field name=\"base_height\">5</field><field name=\"height_variation_a\">2</field><field name=\"height_variation_b\">1</field><field name=\"force_dirt\">TRUE</field><field name=\"ignore_vines\">FALSE</field><value name=\"dirt\"><block type=\"blockstate_selector\"><mutation xmlns=\"http://www.w3.org/1999/xhtml\" inputs=\"0\"></mutation><field name=\"block\">Blocks.IRON_ORE</field></block></value><value name=\"trunk\"><block type=\"blockstate_selector\"><mutation xmlns=\"http://www.w3.org/1999/xhtml\" inputs=\"0\"></mutation><field name=\"block\">Blocks.GOLD_ORE</field></block></value><value name=\"foliage\"><block type=\"blockstate_selector\"><mutation xmlns=\"http://www.w3.org/1999/xhtml\" inputs=\"0\"></mutation><field name=\"block\">Blocks.DEEPSLATE_EMERALD_ORE</field></block></value><value name=\"radius\"><block type=\"int_provider_uniform\"><field name=\"min\">2</field><field name=\"max\">3</field></block></value><value name=\"trunk_height\"><block type=\"int_provider_uniform\"><field name=\"min\">1</field><field name=\"max\">2</field></block></value><value name=\"root_placer\"><block type=\"root_placer_mangrove\"><field name=\"max_root_length\">15</field><field name=\"max_root_width\">8</field><field name=\"above_root_placement_chance\">0.5</field><field name=\"random_skew_chance\">0.2</field><value name=\"root_provider\"><block type=\"blockstate_selector\"><mutation xmlns=\"http://www.w3.org/1999/xhtml\" inputs=\"0\"></mutation><field name=\"block\">Blocks.LAPIS_ORE</field></block></value><value name=\"can_grow_through\"><block type=\"block_holderset_tag\"><field name=\"tag\">mangrove_roots_can_grow_through</field></block></value><value name=\"muddy_roots_provider\"><block type=\"blockstate_selector\"><mutation xmlns=\"http://www.w3.org/1999/xhtml\" inputs=\"0\"></mutation><field name=\"block\">Blocks.SLIME_BLOCK</field></block></value><value name=\"muddy_roots_in\"><block type=\"block_holderset_tag\"><field name=\"tag\">dirt</field></block></value><value name=\"above_root_provider\"><block type=\"blockstate_selector\"><mutation xmlns=\"http://www.w3.org/1999/xhtml\" inputs=\"0\"></mutation><field name=\"block\">Blocks.AMETHYST_CLUSTER</field></block></value><value name=\"trunk_offset_y\"><block type=\"int_provider_uniform\"><field name=\"min\">1</field><field name=\"max\">3</field></block></value></block></value></block></value><value name=\"feature3\"><block type=\"feature_tree_azalea\"><mutation xmlns=\"http://www.w3.org/1999/xhtml\" inputs=\"0\"></mutation><field name=\"foliage_density\">50</field><field name=\"min_height_for_leaves\">3</field><field name=\"base_height\">4</field><field name=\"height_variation_a\">2</field><field name=\"height_variation_b\">0</field><field name=\"force_dirt\">TRUE</field><field name=\"ignore_vines\">FALSE</field><value name=\"trunk\"><block type=\"blockstate_selector\"><mutation xmlns=\"http://www.w3.org/1999/xhtml\" inputs=\"0\"></mutation><field name=\"block\">Blocks.COAL_ORE</field></block></value><value name=\"foliage\"><block type=\"blockstate_selector\"><mutation xmlns=\"http://www.w3.org/1999/xhtml\" inputs=\"0\"></mutation><field name=\"block\">Blocks.REDSTONE_ORE</field></block></value><value name=\"root_placer\"><block type=\"root_placer_none\"></block></value><value name=\"bend_length\"><block type=\"int_provider_uniform\"><field name=\"min\">1</field><field name=\"max\">3</field></block></value><value name=\"dirt\"><block type=\"blockstate_selector\"><mutation xmlns=\"http://www.w3.org/1999/xhtml\" inputs=\"0\"></mutation><field name=\"block\">Blocks.END_PORTAL</field></block></value></block></value><value name=\"feature4\"><block type=\"feature_disk_simple\"><field name=\"half_height\">1</field><value name=\"radius\"><block type=\"int_provider_uniform\"><field name=\"min\">1</field><field name=\"max\">8</field></block></value><value name=\"block\"><block type=\"blockstate_selector\"><mutation xmlns=\"http://www.w3.org/1999/xhtml\" inputs=\"0\"></mutation><field name=\"block\">Blocks.CRYING_OBSIDIAN</field></block></value><value name=\"target\"><block type=\"block_predicate_true\"></block></value></block></value></block></value></block></xml>"
  }
}