{
  "has_precipitation": true,
  "temperature": 0.5,
  "downfall": 0.5,
  "effects": {
    "ambient_sound": "item.armor.equip_diamond",
    "mood_sound": {
      "sound": "ui.toast.in",
      "tick_delay": 6000,
      "offset": 8,
      "block_search_extent": 2
    },
    "additions_sound": {
      "sound": "entity.villager.work_mason",
      "tick_chance": 0.0111
    },
    "music": [
      {
        "weight": 1,
        "data": {
          "sound": "ambient.underwater.loop",
          "min_delay": 12000,
          "max_delay": 24000,
          "replace_current_music": true
        }
      }
    ],
    "particle": {
      "options": {
        "type": "effect"
      },
      "probability": 0.005
    },
    "foliage_color": -13369549,
    "grass_color": -16724788,
    "sky_color": -16777012,
    "fog_color": -3407872,
    "water_color": -65332,
    "water_fog_color": -205
  },
  "spawners": {
    "monster": [
      {
        "type": "stupid_idea:a_2",
        "weight": 20,
        "minCount": 4,
        "maxCount": 4
      }
    ],
    "creature": [],
    "ambient": [],
    "axolotls": [],
    "underground_water_creature": [],
    "water_creature": [],
    "water_ambient": [],
    "misc": []
  },
  "spawn_costs": {},
  "carvers": [],
  "features": [
    [],
    [],
    [],
    [],
    [],
    [],
    [],
    [],
    [],
    [
      "stupid_idea:a_1_tree"
    ],
    [
      "minecraft:freeze_top_layer"
    ]
  ]
}