{
  "has_precipitation": true,
  "temperature": 0.3,
  "downfall": 0.3,
  "effects": {
    "mood_sound": {
      "sound": "stupid_idea:ddbswdjx",
      "tick_delay": 6000,
      "offset": 8,
      "block_search_extent": 2
    },
    "additions_sound": {
      "sound": "stupid_idea:ddbswdjx",
      "tick_chance": 0.0111
    },
    "music": [
      {
        "weight": 1,
        "data": {
          "sound": "stupid_idea:ddbswdjx",
          "min_delay": 12000,
          "max_delay": 24000,
          "replace_current_music": true
        }
      }
    ],
    "particle": {
      "options": {
        "type": "stupid_idea:dd"
      },
      "probability": 0.005
    },
    "foliage_color": -52429,
    "grass_color": -65281,
    "sky_color": -10027162,
    "fog_color": -16724788,
    "water_color": -256,
    "water_fog_color": -13421569
  },
  "spawners": {
    "monster": [],
    "creature": [
      {
        "type": "tnt_minecart",
        "weight": 20,
        "minCount": 15,
        "maxCount": 20
      },
      {
        "type": "egg",
        "weight": 20,
        "minCount": 4,
        "maxCount": 4
      }
    ],
    "ambient": [],
    "axolotls": [],
    "underground_water_creature": [],
    "water_creature": [],
    "water_ambient": [],
    "misc": []
  },
  "spawn_costs": {},
  "carvers": [],
  "features": [
    [],
    [],
    [],
    [],
    [],
    [],
    [],
    [],
    [],
    [
      "stupid_idea:aw_tree"
    ],
    []
  ]
}