{
  "_fv": 79,
  "_type": "biome",
  "definition": {
    "name": "猎猎群戏",
    "groundBlock": {
      "value": "Blocks.GRASS"
    },
    "undergroundBlock": {
      "value": "CUSTOM:Gggrrrrrrrr"
    },
    "underwaterBlock": {
      "value": "Blocks.LAVA_CAULDRON"
    },
    "airColor": {
      "value": -10027162,
      "falpha": 0.0
    },
    "fogColor": {
      "value": -16724788,
      "falpha": 0.0
    },
    "grassColor": {
      "value": -65281,
      "falpha": 0.0
    },
    "foliageColor": {
      "value": -52429,
      "falpha": 0.0
    },
    "waterColor": {
      "value": -256,
      "falpha": 0.0
    },
    "waterFogColor": {
      "value": -13421569,
      "falpha": 0.0
    },
    "ambientSound": {
      "value": ""
    },
    "additionsSound": {
      "value": "CUSTOM:ddbswdjx"
    },
    "music": {
      "value": "CUSTOM:ddbswdjx"
    },
    "moodSound": {
      "value": "CUSTOM:ddbswdjx"
    },
    "moodSoundDelay": 6000,
    "spawnParticles": true,
    "particleToSpawn": {
      "value": "CUSTOM:Dd"
    },
    "particlesProbability": 0.5,
    "rainingPossibility": 0.30000000000000004,
    "temperature": 0.30000000000000004,
    "spawnBiome": false,
    "spawnInCaves": false,
    "spawnBiomeNether": false,
    "genTemperature": {
      "min": -0.5,
      "max": 0.5
    },
    "genHumidity": {
      "min": -0.5,
      "max": 0.5
    },
    "genContinentalness": {
      "min": 0.3,
      "max": 1.0
    },
    "genErosion": {
      "min": -0.5,
      "max": 0.5
    },
    "genWeirdness": {
      "min": 0.0,
      "max": 1.0E-4
    },
    "treesPerChunk": 1,
    "vanillaTreeType": "Default",
    "treeType": 0,
    "minHeight": 7,
    "treeStem": {
      "value": ""
    },
    "treeBranch": {
      "value": ""
    },
    "treeVines": {
      "value": ""
    },
    "treeFruits": {
      "value": ""
    },
    "defaultFeatures": [],
    "spawnStronghold": true,
    "spawnMineshaft": true,
    "spawnMineshaftMesa": true,
    "spawnPillagerOutpost": true,
    "villageType": "none",
    "spawnWoodlandMansion": true,
    "spawnJungleTemple": true,
    "spawnDesertPyramid": true,
    "spawnSwampHut": true,
    "spawnIgloo": true,
    "spawnOceanMonument": true,
    "spawnShipwreck": true,
    "spawnShipwreckBeached": true,
    "spawnBuriedTreasure": true,
    "oceanRuinType": "WARM",
    "spawnNetherBridge": true,
    "spawnNetherFossil": true,
    "spawnBastionRemnant": true,
    "spawnEndCity": true,
    "spawnRuinedPortal": "JUNGLE",
    "spawnEntries": [
      {
        "entity": {
          "value": "EntityMinecartTNT"
        },
        "minGroup": 15,
        "maxGroup": 20,
        "weight": 20,
        "spawnType": "creature"
      },
      {
        "entity": {
          "value": "EntityEgg"
        },
        "minGroup": 4,
        "maxGroup": 4,
        "weight": 20,
        "spawnType": "creature"
      }
    ]
  }
}