{
  "_fv": 79,
  "_type": "feature",
  "definition": {
    "skipPlacement": false,
    "generationStep": "SURFACE_STRUCTURES",
    "restrictionBiomes": [],
    "generateCondition": {
      "name": "BbbFuJiaDeShengChengTiaoJian"
    },
    "featurexml": "<xml xmlns=\"https://developers.google.com/blockly/xml\"><block type=\"feature_container\" deletable=\"false\" x=\"40\" y=\"40\"><value name=\"feature\"><block type=\"feature_simple_random_selector\"><mutation xmlns=\"http://www.w3.org/1999/xhtml\" inputs=\"3\"></mutation><value name=\"feature0\"><block type=\"feature_lake\"><value name=\"border\"><block type=\"blockstate_selector\"><mutation xmlns=\"http://www.w3.org/1999/xhtml\" inputs=\"0\"></mutation><field name=\"block\">Blocks.REDSTONE_BLOCK</field></block></value><value name=\"fluid\"><block type=\"blockstate_selector\"><mutation xmlns=\"http://www.w3.org/1999/xhtml\" inputs=\"0\"></mutation><field name=\"block\">Blocks.TNT</field></block></value></block></value><value name=\"feature1\"><block type=\"feature_tree_spruce\"><mutation xmlns=\"http://www.w3.org/1999/xhtml\" inputs=\"0\"></mutation><field name=\"base_height\">5</field><field name=\"height_variation_a\">2</field><field name=\"height_variation_b\">1</field><field name=\"force_dirt\">FALSE</field><field name=\"ignore_vines\">TRUE</field><value name=\"dirt\"><block type=\"blockstate_selector\"><mutation xmlns=\"http://www.w3.org/1999/xhtml\" inputs=\"0\"></mutation><field name=\"block\">Blocks.SMOOTH_QUARTZ_SLAB</field></block></value><value name=\"trunk\"><block type=\"blockstate_selector\"><mutation xmlns=\"http://www.w3.org/1999/xhtml\" inputs=\"0\"></mutation><field name=\"block\">Blocks.QUARTZ_BLOCK#2</field></block></value><value name=\"foliage\"><block type=\"blockstate_selector\"><mutation xmlns=\"http://www.w3.org/1999/xhtml\" inputs=\"0\"></mutation><field name=\"block\">Blocks.SMOOTH_QUARTZ_STAIRS</field></block></value><value name=\"radius\"><block type=\"int_provider_uniform\"><field name=\"min\">2</field><field name=\"max\">3</field></block></value><value name=\"trunk_height\"><block type=\"int_provider_uniform\"><field name=\"min\">1</field><field name=\"max\">2</field></block></value><value name=\"root_placer\"><block type=\"root_placer_none\"></block></value></block></value><value name=\"feature2\"><block type=\"feature_block_pile\"><value name=\"block\"><block type=\"blockstate_selector\"><mutation xmlns=\"http://www.w3.org/1999/xhtml\" inputs=\"0\"></mutation><field name=\"block\">Blocks.BEDROCK</field></block></value></block></value></block></value><next><block type=\"placement_count\"><value name=\"count\"><block type=\"int_provider_uniform\"><field name=\"min\">5</field><field name=\"max\">7</field></block></value><next><block type=\"placement_in_square\"><next><block type=\"placement_heightmap\"><field name=\"heightmap\">OCEAN_FLOOR_WG</field><next><block type=\"placement_biome_filter\"></block></next></block></next></block></next></block></next></block></xml>"
  }
}