{
  "_fv": 79,
  "_type": "procedure",
  "definition": {
    "procedurexml": "<xml xmlns=\"https://developers.google.com/blockly/xml\"><block type=\"event_trigger\" deletable=\"false\" x=\"294\" y=\"9\"><field name=\"trigger\">no_ext_trigger</field><next><block type=\"deal_damage\"><value name=\"entity\"><block type=\"entity_from_deps\"></block></value><value name=\"amount\"><block type=\"math_number\"><field name=\"NUM\">91</field></block></value><value name=\"damagesource\"><block type=\"damagesource_from_type_cause\"><field name=\"damagetype\">CUSTOM:Asfd333</field><value name=\"cause\"><block type=\"entity_from_deps\"></block></value></block></value><next><block type=\"controls_if\"><mutation else=\"1\"></mutation><value name=\"IF0\"><block type=\"math_binary_ops\"><field name=\"OP\">LT</field><value name=\"A\"><block type=\"math_number\"><field name=\"NUM\">0</field></block></value><value name=\"B\"><block type=\"world_data_num_getgamerule\"><field name=\"gamerulesnumber\">CUSTOM:Cookiekill</field></block></value></block></value><statement name=\"DO0\"><block type=\"deal_damage\"><value name=\"entity\"><block type=\"source_entity_from_deps\"></block></value><value name=\"amount\"><block type=\"world_data_num_getgamerule\"><field name=\"gamerulesnumber\">CUSTOM:Cookiekill</field></block></value><value name=\"damagesource\"><block type=\"damagesource_from_type_cause\"><field name=\"damagetype\">CUSTOM:Asfd333</field><value name=\"cause\"><block type=\"source_entity_from_deps\"></block></value></block></value></block></statement><statement name=\"ELSE\"><block type=\"deal_damage\"><value name=\"entity\"><block type=\"source_entity_from_deps\"></block></value><value name=\"amount\"><block type=\"math_dual_ops\"><field name=\"OP\">MULTIPLY</field><value name=\"A\"><block type=\"world_data_num_getgamerule\"><field name=\"gamerulesnumber\">CUSTOM:Cookiekill</field></block></value><value name=\"B\"><block type=\"math_number\"><field name=\"NUM\">-1</field></block></value></block></value><value name=\"damagesource\"><block type=\"damagesource_from_type_cause\"><field name=\"damagetype\">CUSTOM:Asfd333</field><value name=\"cause\"><block type=\"source_entity_from_deps\"></block></value></block></value></block></statement><next><block type=\"item_show_totemlike_animation\"><value name=\"item\"><block type=\"mcitem_all\"><field name=\"value\">Items.TOTEM_OF_UNDYING</field></block></value><next><block type=\"item_cooldown_for\"><value name=\"entity\"><block type=\"source_entity_from_deps\"></block></value><value name=\"item\"><block type=\"entity_get_use_item\"><value name=\"entity\"><block type=\"source_entity_from_deps\"></block></value></block></value><value name=\"ticks\"><block type=\"math_number\"><field name=\"NUM\">1000</field></block></value><next><block type=\"world_send_chat\"><value name=\"text\"><block type=\"text_join\"><mutation items=\"3\"></mutation><value name=\"ADD0\"><block type=\"text\"><field name=\"TEXT\">§4</field></block></value><value name=\"ADD1\"><block type=\"entity_name\"><value name=\"entity\"><block type=\"source_entity_from_deps\"></block></value></block></value><value name=\"ADD2\"><block type=\"text\"><field name=\"TEXT\">受到了资本的凝视</field></block></value></block></value><next><block type=\"controls_if\"><value name=\"IF0\"><block type=\"world_data_logic_getgamerule\"><field name=\"gamerulesboolean\">CUSTOM:DarkForest</field></block></value><statement name=\"DO0\"><block type=\"world_send_chat\"><value name=\"text\"><block type=\"text_join\"><mutation items=\"7\"></mutation><value name=\"ADD0\"><block type=\"text\"><field name=\"TEXT\">§4  坐标:</field></block></value><value name=\"ADD1\"><block type=\"text\"><field name=\"TEXT\">   X:</field></block></value><value name=\"ADD2\"><block type=\"math_singular_ops\"><field name=\"OP\">ROUND</field><value name=\"NUM\"><block type=\"entity_pos_x\"><value name=\"entity\"><block type=\"source_entity_from_deps\"></block></value></block></value></block></value><value name=\"ADD3\"><block type=\"text\"><field name=\"TEXT\">   Y:</field></block></value><value name=\"ADD4\"><block type=\"math_singular_ops\"><field name=\"OP\">ROUND</field><value name=\"NUM\"><block type=\"entity_pos_y\"><value name=\"entity\"><block type=\"source_entity_from_deps\"></block></value></block></value></block></value><value name=\"ADD5\"><block type=\"text\"><field name=\"TEXT\">   Z:</field></block></value><value name=\"ADD6\"><block type=\"math_singular_ops\"><field name=\"OP\">ROUND</field><value name=\"NUM\"><block type=\"entity_pos_z\"><value name=\"entity\"><block type=\"source_entity_from_deps\"></block></value></block></value></block></value></block></value></block></statement><next><block type=\"console_log\"><field name=\"message_type\">fatal</field><value name=\"message\"><block type=\"text\"><field name=\"TEXT\">资本的蛋糕</field></block></value></block></next></block></next></block></next></block></next></block></next></block></next></block></next></block><block type=\"entity_from_deps\" x=\"657\" y=\"633\"></block><block type=\"entity_from_deps\" x=\"654\" y=\"702\"></block></xml>",
    "skipDependencyNullCheck": false
  }
}