{
  "_fv": 79,
  "_type": "particle",
  "definition": {
    "texture": "2023032711014316shu_shang_shuo_7988610387978_1",
    "animate": false,
    "frameDuration": 1,
    "width": 1.0,
    "height": 0.2,
    "scale": {
      "fixedValue": 1.0
    },
    "speedFactor": 1.0,
    "gravity": 0.0,
    "maxAge": 10,
    "maxAgeDiff": 10,
    "angularVelocity": 0.0,
    "angularAcceleration": 0.0,
    "canCollide": true,
    "alwaysShow": true,
    "emissiveRendering": true,
    "renderType": "OPAQUE"
  }
}