{
  "_fv": 79,
  "_type": "structure",
  "definition": {
    "structure": "asdf",
    "projection": "rigid",
    "ignoredBlocks": [
      {
        "value": "Blocks.STRUCTURE_BLOCK"
      }
    ],
    "spacing": 4,
    "separation": 1,
    "restrictionBiomes": [
      {
        "value": "CUSTOM:A1"
      }
    ],
    "terrainAdaptation": "none",
    "generationStep": "VEGETAL_DECORATION",
    "surfaceDetectionType": "WORLD_SURFACE_WG",
    "useStartHeight": false,
    "startHeightProviderType": "UNIFORM",
    "startHeightMin": 0,
    "startHeightMax": 128,
    "size": 1,
    "maxDistanceFromCenter": 64,
    "jigsawPools": []
  }
}