{
  "_fv": 79,
  "_type": "feature",
  "definition": {
    "skipPlacement": false,
    "generationStep": "SURFACE_STRUCTURES",
    "restrictionBiomes": [
      {
        "value": "CUSTOM:A1"
      }
    ],
    "featurexml": "<xml xmlns=\"https://developers.google.com/blockly/xml\"><block type=\"feature_container\" deletable=\"false\" x=\"40\" y=\"40\"><value name=\"feature\"><block type=\"feature_disk_simple\"><field name=\"half_height\">0.5</field><value name=\"block\"><block type=\"blockstate_selector\"><mutation xmlns=\"http://www.w3.org/1999/xhtml\" inputs=\"0\"></mutation><field name=\"block\">Blocks.GRASS</field></block></value><value name=\"target\"><block type=\"block_predicate_true\"></block></value><value name=\"radius\"><block type=\"int_provider_uniform\"><field name=\"min\">2</field><field name=\"max\">8</field></block></value></block></value><next><block type=\"placement_rarity\"><field name=\"rarity\">3</field><next><block type=\"placement_count\"><value name=\"count\"><block type=\"int_provider_uniform\"><field name=\"min\">1</field><field name=\"max\">4</field></block></value><next><block type=\"placement_in_square\"><next><block type=\"placement_heightmap\"><field name=\"heightmap\">OCEAN_FLOOR_WG</field><next><block type=\"placement_biome_filter\"></block></next></block></next></block></next></block></next></block></next></block><block type=\"placement_count\" x=\"69\" y=\"392\"><value name=\"count\"><block type=\"int_provider_uniform\"><field name=\"min\">1</field><field name=\"max\">4</field></block></value><next><block type=\"placement_in_square\"><next><block type=\"placement_heightmap\"><field name=\"heightmap\">OCEAN_FLOOR_WG</field><next><block type=\"placement_biome_filter\"></block></next></block></next></block></next></block></xml>"
  }
}