{
  "_fv": 79,
  "_type": "structure",
  "definition": {
    "structure": "a1",
    "projection": "rigid",
    "ignoredBlocks": [
      {
        "value": "Blocks.STRUCTURE_BLOCK"
      }
    ],
    "spacing": 11,
    "separation": 2,
    "restrictionBiomes": [
      {
        "value": "CUSTOM:Aw"
      }
    ],
    "terrainAdaptation": "none",
    "generationStep": "LAKES",
    "surfaceDetectionType": "WORLD_SURFACE_WG",
    "useStartHeight": false,
    "startHeightProviderType": "UNIFORM",
    "startHeightMin": 0,
    "startHeightMax": 128,
    "size": 5,
    "maxDistanceFromCenter": 64,
    "jigsawPools": []
  }
}