{
  "_fv": 79,
  "_type": "recipe",
  "definition": {
    "recipeType": "Crafting",
    "recipeRetstackSize": 1,
    "group": "uuuuuuuuuu",
    "unlockingItems": [
      {
        "value": "Blocks.COBBLESTONE"
      }
    ],
    "cookingBookCategory": "MISC",
    "xpReward": 0.0,
    "cookingTime": 200,
    "craftingBookCategory": "MISC",
    "recipeShapeless": false,
    "recipeSlots": [
      {
        "value": ""
      },
      {
        "value": "CUSTOM:Boom"
      },
      {
        "value": ""
      },
      {
        "value": "CUSTOM:Cake"
      },
      {
        "value": "CUSTOM:ASD"
      },
      {
        "value": "CUSTOM:Cake"
      },
      {
        "value": ""
      },
      {
        "value": "CUSTOM:Boom"
      },
      {
        "value": ""
      }
    ],
    "recipeReturnStack": {
      "value": "CUSTOM:Yyer"
    },
    "name": "hhhhh",
    "namespace": "mod"
  }
}