{
  "_fv": 79,
  "_type": "loottable",
  "definition": {
    "type": "Chest",
    "pools": [
      {
        "minrolls": 1,
        "maxrolls": 4,
        "minbonusrolls": 1,
        "maxbonusrolls": 1,
        "hasbonusrolls": false,
        "entries": [
          {
            "type": "item",
            "item": {
              "value": "Blocks.GRASS"
            },
            "weight": 10,
            "minCount": 0,
            "maxCount": 2,
            "minEnchantmentLevel": 0,
            "maxEnchantmentLevel": 0,
            "affectedByFortune": true,
            "explosionDecay": false,
            "silkTouchMode": 0
          },
          {
            "type": "item",
            "item": {
              "value": "Blocks.PLANKS#2"
            },
            "weight": 9,
            "minCount": 0,
            "maxCount": 5,
            "minEnchantmentLevel": 0,
            "maxEnchantmentLevel": 0,
            "affectedByFortune": true,
            "explosionDecay": false,
            "silkTouchMode": 0
          },
          {
            "type": "item",
            "item": {
              "value": "Blocks.LOG#0"
            },
            "weight": 5,
            "minCount": 0,
            "maxCount": 7,
            "minEnchantmentLevel": 0,
            "maxEnchantmentLevel": 0,
            "affectedByFortune": true,
            "explosionDecay": false,
            "silkTouchMode": 0
          },
          {
            "type": "item",
            "item": {
              "value": "Items.DYE#15"
            },
            "weight": 1,
            "minCount": 0,
            "maxCount": 10,
            "minEnchantmentLevel": 0,
            "maxEnchantmentLevel": 0,
            "affectedByFortune": true,
            "explosionDecay": false,
            "silkTouchMode": 0
          }
        ]
      },
      {
        "minrolls": 1,
        "maxrolls": 3,
        "minbonusrolls": 1,
        "maxbonusrolls": 1,
        "hasbonusrolls": false,
        "entries": [
          {
            "type": "item",
            "item": {
              "value": "Items.IRON_INGOT"
            },
            "weight": 3,
            "minCount": 0,
            "maxCount": 30,
            "minEnchantmentLevel": 0,
            "maxEnchantmentLevel": 0,
            "affectedByFortune": true,
            "explosionDecay": false,
            "silkTouchMode": 0
          },
          {
            "type": "item",
            "item": {
              "value": "Items.GOLD_INGOT"
            },
            "weight": 2,
            "minCount": 0,
            "maxCount": 15,
            "minEnchantmentLevel": 0,
            "maxEnchantmentLevel": 0,
            "affectedByFortune": true,
            "explosionDecay": false,
            "silkTouchMode": 0
          },
          {
            "type": "item",
            "item": {
              "value": "Items.EMERALD"
            },
            "weight": 1,
            "minCount": 0,
            "maxCount": 7,
            "minEnchantmentLevel": 0,
            "maxEnchantmentLevel": 0,
            "affectedByFortune": true,
            "explosionDecay": false,
            "silkTouchMode": 0
          }
        ]
      },
      {
        "minrolls": 1,
        "maxrolls": 1,
        "minbonusrolls": 1,
        "maxbonusrolls": 1,
        "hasbonusrolls": false,
        "entries": [
          {
            "type": "item",
            "item": {
              "value": "Items.DIAMOND"
            },
            "weight": 3,
            "minCount": 1,
            "maxCount": 5,
            "minEnchantmentLevel": 0,
            "maxEnchantmentLevel": 0,
            "affectedByFortune": true,
            "explosionDecay": false,
            "silkTouchMode": 0
          },
          {
            "type": "item",
            "item": {
              "value": "Items.NETHERITE_SCRAP"
            },
            "weight": 2,
            "minCount": 0,
            "maxCount": 4,
            "minEnchantmentLevel": 0,
            "maxEnchantmentLevel": 0,
            "affectedByFortune": true,
            "explosionDecay": false,
            "silkTouchMode": 0
          },
          {
            "type": "item",
            "item": {
              "value": "Items.NETHERITE_INGOT"
            },
            "weight": 1,
            "minCount": 0,
            "maxCount": 3,
            "minEnchantmentLevel": 0,
            "maxEnchantmentLevel": 0,
            "affectedByFortune": true,
            "explosionDecay": false,
            "silkTouchMode": 0
          }
        ]
      },
      {
        "minrolls": 0,
        "maxrolls": 2,
        "minbonusrolls": 1,
        "maxbonusrolls": 1,
        "hasbonusrolls": false,
        "entries": [
          {
            "type": "item",
            "item": {
              "value": "CUSTOM:ASD"
            },
            "weight": 1,
            "minCount": 0,
            "maxCount": 1,
            "minEnchantmentLevel": 0,
            "maxEnchantmentLevel": 15,
            "affectedByFortune": true,
            "explosionDecay": false,
            "silkTouchMode": 0
          },
          {
            "type": "item",
            "item": {
              "value": "CUSTOM:Aaad"
            },
            "weight": 1,
            "minCount": 0,
            "maxCount": 1,
            "minEnchantmentLevel": 0,
            "maxEnchantmentLevel": 0,
            "affectedByFortune": true,
            "explosionDecay": false,
            "silkTouchMode": 0
          },
          {
            "type": "item",
            "item": {
              "value": "CUSTOM:Gggrrrrrrrr"
            },
            "weight": 2,
            "minCount": 1,
            "maxCount": 9,
            "minEnchantmentLevel": 0,
            "maxEnchantmentLevel": 0,
            "affectedByFortune": true,
            "explosionDecay": false,
            "silkTouchMode": 0
          },
          {
            "type": "item",
            "item": {
              "value": "CUSTOM:Yyer"
            },
            "weight": 1,
            "minCount": 0,
            "maxCount": 1,
            "minEnchantmentLevel": 0,
            "maxEnchantmentLevel": 0,
            "affectedByFortune": true,
            "explosionDecay": false,
            "silkTouchMode": 0
          },
          {
            "type": "item",
            "item": {
              "value": "CUSTOM:Boooo.spawn_egg"
            },
            "weight": 1,
            "minCount": 0,
            "maxCount": 1,
            "minEnchantmentLevel": 0,
            "maxEnchantmentLevel": 0,
            "affectedByFortune": true,
            "explosionDecay": false,
            "silkTouchMode": 0
          },
          {
            "type": "item",
            "item": {
              "value": "CUSTOM:Boom"
            },
            "weight": 1,
            "minCount": 0,
            "maxCount": 6,
            "minEnchantmentLevel": 0,
            "maxEnchantmentLevel": 0,
            "affectedByFortune": true,
            "explosionDecay": false,
            "silkTouchMode": 0
          }
        ]
      },
      {
        "minrolls": 1,
        "maxrolls": 2,
        "minbonusrolls": 1,
        "maxbonusrolls": 1,
        "hasbonusrolls": false,
        "entries": [
          {
            "type": "item",
            "item": {
              "value": "Items.ENDER_PEARL"
            },
            "weight": 3,
            "minCount": 0,
            "maxCount": 6,
            "minEnchantmentLevel": 0,
            "maxEnchantmentLevel": 0,
            "affectedByFortune": true,
            "explosionDecay": false,
            "silkTouchMode": 0
          },
          {
            "type": "item",
            "item": {
              "value": "Items.BLAZE_ROD"
            },
            "weight": 2,
            "minCount": 0,
            "maxCount": 5,
            "minEnchantmentLevel": 0,
            "maxEnchantmentLevel": 0,
            "affectedByFortune": true,
            "explosionDecay": false,
            "silkTouchMode": 0
          },
          {
            "type": "item",
            "item": {
              "value": "Items.ENDER_EYE"
            },
            "weight": 1,
            "minCount": 0,
            "maxCount": 1,
            "minEnchantmentLevel": 0,
            "maxEnchantmentLevel": 0,
            "affectedByFortune": true,
            "explosionDecay": false,
            "silkTouchMode": 0
          }
        ]
      },
      {
        "minrolls": 1,
        "maxrolls": 2,
        "minbonusrolls": 1,
        "maxbonusrolls": 1,
        "hasbonusrolls": false,
        "entries": [
          {
            "type": "item",
            "item": {
              "value": "Blocks.DEEPSLATE_IRON_ORE"
            },
            "weight": 3,
            "minCount": 1,
            "maxCount": 10,
            "minEnchantmentLevel": 0,
            "maxEnchantmentLevel": 0,
            "affectedByFortune": true,
            "explosionDecay": false,
            "silkTouchMode": 0
          },
          {
            "type": "item",
            "item": {
              "value": "Blocks.LAPIS_BLOCK"
            },
            "weight": 2,
            "minCount": 0,
            "maxCount": 5,
            "minEnchantmentLevel": 0,
            "maxEnchantmentLevel": 0,
            "affectedByFortune": true,
            "explosionDecay": false,
            "silkTouchMode": 0
          },
          {
            "type": "item",
            "item": {
              "value": "Blocks.DIAMOND_BLOCK"
            },
            "weight": 1,
            "minCount": 0,
            "maxCount": 1,
            "minEnchantmentLevel": 0,
            "maxEnchantmentLevel": 0,
            "affectedByFortune": true,
            "explosionDecay": false,
            "silkTouchMode": 0
          }
        ]
      },
      {
        "minrolls": 0,
        "maxrolls": 1,
        "minbonusrolls": 1,
        "maxbonusrolls": 1,
        "hasbonusrolls": false,
        "entries": [
          {
            "type": "item",
            "item": {
              "value": "Items.TOTEM_OF_UNDYING"
            },
            "weight": 0,
            "minCount": 1,
            "maxCount": 1,
            "minEnchantmentLevel": 0,
            "maxEnchantmentLevel": 0,
            "affectedByFortune": true,
            "explosionDecay": true,
            "silkTouchMode": 0
          },
          {
            "type": "item",
            "item": {
              "value": "Blocks.NETHERITE_BLOCK"
            },
            "weight": 1,
            "minCount": 1,
            "maxCount": 1,
            "minEnchantmentLevel": 0,
            "maxEnchantmentLevel": 0,
            "affectedByFortune": true,
            "explosionDecay": true,
            "silkTouchMode": 0
          },
          {
            "type": "item",
            "item": {
              "value": "Items.GOLDEN_APPLE#1"
            },
            "weight": 1,
            "minCount": 1,
            "maxCount": 1,
            "minEnchantmentLevel": 0,
            "maxEnchantmentLevel": 0,
            "affectedByFortune": true,
            "explosionDecay": true,
            "silkTouchMode": 0
          },
          {
            "type": "item",
            "item": {
              "value": "Blocks.DEEPSLATE_EMERALD_ORE"
            },
            "weight": 1,
            "minCount": 1,
            "maxCount": 1,
            "minEnchantmentLevel": 0,
            "maxEnchantmentLevel": 0,
            "affectedByFortune": true,
            "explosionDecay": true,
            "silkTouchMode": 0
          }
        ]
      },
      {
        "minrolls": 1,
        "maxrolls": 2,
        "minbonusrolls": 1,
        "maxbonusrolls": 2,
        "hasbonusrolls": true,
        "entries": [
          {
            "type": "item",
            "item": {
              "value": "Items.DIAMOND_HELMET"
            },
            "weight": 1,
            "minCount": 0,
            "maxCount": 1,
            "minEnchantmentLevel": 30,
            "maxEnchantmentLevel": 100,
            "affectedByFortune": true,
            "explosionDecay": false,
            "silkTouchMode": 0
          },
          {
            "type": "item",
            "item": {
              "value": "Items.DIAMOND_CHESTPLATE"
            },
            "weight": 3,
            "minCount": 0,
            "maxCount": 1,
            "minEnchantmentLevel": 30,
            "maxEnchantmentLevel": 100,
            "affectedByFortune": true,
            "explosionDecay": false,
            "silkTouchMode": 0
          },
          {
            "type": "item",
            "item": {
              "value": "Items.DIAMOND_LEGGINGS"
            },
            "weight": 3,
            "minCount": 0,
            "maxCount": 1,
            "minEnchantmentLevel": 30,
            "maxEnchantmentLevel": 100,
            "affectedByFortune": true,
            "explosionDecay": false,
            "silkTouchMode": 0
          },
          {
            "type": "item",
            "item": {
              "value": "Items.DIAMOND_BOOTS"
            },
            "weight": 3,
            "minCount": 0,
            "maxCount": 1,
            "minEnchantmentLevel": 30,
            "maxEnchantmentLevel": 100,
            "affectedByFortune": true,
            "explosionDecay": false,
            "silkTouchMode": 0
          },
          {
            "type": "item",
            "item": {
              "value": "Items.IRON_HELMET"
            },
            "weight": 4,
            "minCount": 0,
            "maxCount": 1,
            "minEnchantmentLevel": 30,
            "maxEnchantmentLevel": 100,
            "affectedByFortune": true,
            "explosionDecay": false,
            "silkTouchMode": 0
          },
          {
            "type": "item",
            "item": {
              "value": "Items.IRON_CHESTPLATE"
            },
            "weight": 4,
            "minCount": 0,
            "maxCount": 1,
            "minEnchantmentLevel": 30,
            "maxEnchantmentLevel": 100,
            "affectedByFortune": true,
            "explosionDecay": false,
            "silkTouchMode": 0
          },
          {
            "type": "item",
            "item": {
              "value": "Items.IRON_LEGGINGS"
            },
            "weight": 4,
            "minCount": 0,
            "maxCount": 1,
            "minEnchantmentLevel": 30,
            "maxEnchantmentLevel": 100,
            "affectedByFortune": true,
            "explosionDecay": false,
            "silkTouchMode": 0
          },
          {
            "type": "item",
            "item": {
              "value": "Items.IRON_BOOTS"
            },
            "weight": 4,
            "minCount": 0,
            "maxCount": 1,
            "minEnchantmentLevel": 30,
            "maxEnchantmentLevel": 100,
            "affectedByFortune": true,
            "explosionDecay": false,
            "silkTouchMode": 0
          },
          {
            "type": "item",
            "item": {
              "value": "Items.GOLDEN_HELMET"
            },
            "weight": 4,
            "minCount": 1,
            "maxCount": 1,
            "minEnchantmentLevel": 30,
            "maxEnchantmentLevel": 100,
            "affectedByFortune": true,
            "explosionDecay": false,
            "silkTouchMode": 0
          },
          {
            "type": "item",
            "item": {
              "value": "Items.GOLDEN_CHESTPLATE"
            },
            "weight": 4,
            "minCount": 1,
            "maxCount": 1,
            "minEnchantmentLevel": 30,
            "maxEnchantmentLevel": 100,
            "affectedByFortune": true,
            "explosionDecay": false,
            "silkTouchMode": 0
          },
          {
            "type": "item",
            "item": {
              "value": "Items.GOLDEN_LEGGINGS"
            },
            "weight": 4,
            "minCount": 1,
            "maxCount": 1,
            "minEnchantmentLevel": 30,
            "maxEnchantmentLevel": 100,
            "affectedByFortune": true,
            "explosionDecay": false,
            "silkTouchMode": 0
          },
          {
            "type": "item",
            "item": {
              "value": "Items.GOLDEN_BOOTS"
            },
            "weight": 4,
            "minCount": 1,
            "maxCount": 1,
            "minEnchantmentLevel": 30,
            "maxEnchantmentLevel": 100,
            "affectedByFortune": true,
            "explosionDecay": false,
            "silkTouchMode": 0
          },
          {
            "type": "item",
            "item": {
              "value": "Items.IRON_SWORD"
            },
            "weight": 1,
            "minCount": 1,
            "maxCount": 1,
            "minEnchantmentLevel": 30,
            "maxEnchantmentLevel": 100,
            "affectedByFortune": true,
            "explosionDecay": false,
            "silkTouchMode": 0
          },
          {
            "type": "item",
            "item": {
              "value": "Items.IRON_PICKAXE"
            },
            "weight": 2,
            "minCount": 1,
            "maxCount": 1,
            "minEnchantmentLevel": 30,
            "maxEnchantmentLevel": 100,
            "affectedByFortune": true,
            "explosionDecay": false,
            "silkTouchMode": 0
          },
          {
            "type": "item",
            "item": {
              "value": "Items.IRON_AXE"
            },
            "weight": 2,
            "minCount": 1,
            "maxCount": 1,
            "minEnchantmentLevel": 30,
            "maxEnchantmentLevel": 100,
            "affectedByFortune": true,
            "explosionDecay": false,
            "silkTouchMode": 0
          },
          {
            "type": "item",
            "item": {
              "value": "Items.IRON_SHOVEL"
            },
            "weight": 2,
            "minCount": 1,
            "maxCount": 1,
            "minEnchantmentLevel": 30,
            "maxEnchantmentLevel": 100,
            "affectedByFortune": true,
            "explosionDecay": false,
            "silkTouchMode": 0
          },
          {
            "type": "item",
            "item": {
              "value": "Items.DIAMOND_SWORD"
            },
            "weight": 1,
            "minCount": 1,
            "maxCount": 1,
            "minEnchantmentLevel": 30,
            "maxEnchantmentLevel": 100,
            "affectedByFortune": true,
            "explosionDecay": false,
            "silkTouchMode": 0
          },
          {
            "type": "item",
            "item": {
              "value": "Items.DIAMOND_SHOVEL"
            },
            "weight": 1,
            "minCount": 1,
            "maxCount": 1,
            "minEnchantmentLevel": 30,
            "maxEnchantmentLevel": 100,
            "affectedByFortune": true,
            "explosionDecay": false,
            "silkTouchMode": 0
          },
          {
            "type": "item",
            "item": {
              "value": "Items.DIAMOND_AXE"
            },
            "weight": 1,
            "minCount": 1,
            "maxCount": 1,
            "minEnchantmentLevel": 30,
            "maxEnchantmentLevel": 100,
            "affectedByFortune": true,
            "explosionDecay": false,
            "silkTouchMode": 0
          },
          {
            "type": "item",
            "item": {
              "value": "Items.IRON_PICKAXE"
            },
            "weight": 2,
            "minCount": 1,
            "maxCount": 1,
            "minEnchantmentLevel": 30,
            "maxEnchantmentLevel": 100,
            "affectedByFortune": true,
            "explosionDecay": false,
            "silkTouchMode": 0
          }
        ]
      }
    ],
    "name": "entities/a_2",
    "namespace": "mod"
  }
}