{
  "_fv": 79,
  "_type": "dimension",
  "definition": {
    "biomesInDimension": [
      {
        "value": "CUSTOM:Aw"
      }
    ],
    "worldGenType": "Normal world gen",
    "mainFillerBlock": {
      "value": "Blocks.CRAFTING_TABLE"
    },
    "fluidBlock": {
      "value": "Blocks.POWDER_SNOW_CAULDRON"
    },
    "seaLevel": 60,
    "generateOreVeins": true,
    "generateAquifers": true,
    "horizontalNoiseSize": 1,
    "verticalNoiseSize": 1,
    "defaultEffects": "overworld",
    "useCustomEffects": true,
    "hasClouds": true,
    "cloudHeight": 192.0,
    "skyType": "NORMAL",
    "airColor": {
      "value": -10027264,
      "falpha": 0.0
    },
    "sunHeightAffectsFog": false,
    "canRespawnHere": true,
    "hasFog": false,
    "ambientLight": 1.0,
    "doesWaterVaporize": false,
    "hasFixedTime": false,
    "fixedTimeValue": 0,
    "coordinateScale": 91.0,
    "infiniburnTag": "minecraft:infiniburn_overworld",
    "bedWorks": true,
    "hasSkyLight": true,
    "imitateOverworldBehaviour": true,
    "piglinSafe": true,
    "hasRaids": true,
    "minMonsterSpawnLightLimit": 0,
    "maxMonsterSpawnLightLimit": 7,
    "monsterSpawnBlockLightLimit": 15,
    "portalFrame": {
      "value": "CUSTOM:Gggrrrrrrrr"
    },
    "portalParticles": {
      "value": "CUSTOM:Dd"
    },
    "portalLuminance": 9,
    "portalSound": {
      "value": "CUSTOM:ddbswdjx"
    },
    "enableIgniter": true,
    "igniterName": "Yyer Portal Igniter",
    "igniterRarity": "EPIC",
    "specialInformation": {
      "fixedValue": []
    },
    "creativeTabs": [
      {
        "value": "TOOLS"
      },
      {
        "value": "CUSTOM:Sdfgt"
      }
    ],
    "texture": "minecraft:tipped_arrow_head",
    "portalTexture": "ddd",
    "enablePortal": true
  }
}