{
  "type": "stupid_idea:bbb",
  "config": {
    "features": [
      {
        "feature": {
          "type": "minecraft:lake",
          "config": {
            "fluid": {
              "type": "minecraft:simple_state_provider",
              "state": {
                "Name": "minecraft:tnt"
              }
            },
            "barrier": {
              "type": "minecraft:simple_state_provider",
              "state": {
                "Name": "minecraft:redstone_block"
              }
            }
          }
        },
        "placement": []
      },
      {
        "feature": {
          "type": "minecraft:tree",
          "config": {
            "dirt_provider": {
              "type": "minecraft:simple_state_provider",
              "state": {
                "Name": "minecraft:smooth_quartz_slab"
              }
            },
            "foliage_provider": {
              "type": "minecraft:simple_state_provider",
              "state": {
                "Name": "minecraft:smooth_quartz_stairs"
              }
            },
            "trunk_provider": {
              "type": "minecraft:simple_state_provider",
              "state": {
                "Name": "minecraft:quartz_pillar"
              }
            },
            "force_dirt": false,
            "ignore_vines": true,
            "foliage_placer": {
              "type": "minecraft:spruce_foliage_placer",
              "offset": {
                "type": "minecraft:uniform",
                "min_inclusive": 0,
                "max_inclusive": 2
              },
              "radius": {
                "type": "uniform",
                "min_inclusive": 2,
                "max_inclusive": 3
              },
              "trunk_height": {
                "type": "uniform",
                "min_inclusive": 1,
                "max_inclusive": 2
              }
            },
            "trunk_placer": {
              "type": "minecraft:straight_trunk_placer",
              "base_height": 5,
              "height_rand_a": 2,
              "height_rand_b": 1
            },
            "minimum_size": {
              "type": "minecraft:two_layers_feature_size",
              "limit": 2,
              "lower_size": 0,
              "upper_size": 2
            },
            "decorators": []
          }
        },
        "placement": []
      },
      {
        "feature": {
          "type": "minecraft:block_pile",
          "config": {
            "state_provider": {
              "type": "minecraft:simple_state_provider",
              "state": {
                "Name": "minecraft:bedrock"
              }
            }
          }
        },
        "placement": []
      }
    ]
  }
}