{
  "type": "minecraft:simple_random_selector",
  "config": {
    "features": [
      {
        "feature": {
          "type": "minecraft:geode",
          "config": {
            "blocks": {
              "filling_provider": {
                "type": "minecraft:simple_state_provider",
                "state": {
                  "Name": "minecraft:air"
                }
              },
              "inner_layer_provider": {
                "type": "minecraft:simple_state_provider",
                "state": {
                  "Name": "minecraft:deepslate_iron_ore"
                }
              },
              "alternate_inner_layer_provider": {
                "type": "minecraft:simple_state_provider",
                "state": {
                  "Name": "minecraft:diamond_block"
                }
              },
              "middle_layer_provider": {
                "type": "minecraft:simple_state_provider",
                "state": {
                  "Name": "minecraft:diamond_ore"
                }
              },
              "outer_layer_provider": {
                "type": "minecraft:simple_state_provider",
                "state": {
                  "Name": "minecraft:emerald_ore"
                }
              },
              "inner_placements": [
                {
                  "Name": "minecraft:amethyst_cluster"
                }
              ],
              "cannot_replace": "#features_cannot_replace",
              "invalid_blocks": "#geode_invalid_blocks"
            },
            "layers": {},
            "crack": {},
            "invalid_blocks_threshold": 100,
            "use_alternate_layer0_chance": 0.083
          }
        },
        "placement": []
      },
      {
        "feature": {
          "type": "minecraft:random_patch",
          "config": {
            "feature": {
              "feature": {
                "type": "minecraft:simple_block",
                "config": {
                  "to_place": {
                    "type": "minecraft:simple_state_provider",
                    "state": {
                      "Name": "minecraft:cake"
                    }
                  }
                }
              },
              "placement": [
                {
                  "type": "minecraft:block_predicate_filter",
                  "predicate": {
                    "type": "minecraft:matching_blocks",
                    "blocks": "minecraft:air"
                  }
                }
              ]
            }
          }
        },
        "placement": []
      },
      {
        "feature": {
          "type": "minecraft:tree",
          "config": {
            "dirt_provider": {
              "type": "minecraft:simple_state_provider",
              "state": {
                "Name": "minecraft:iron_ore"
              }
            },
            "foliage_provider": {
              "type": "minecraft:simple_state_provider",
              "state": {
                "Name": "minecraft:deepslate_emerald_ore"
              }
            },
            "trunk_provider": {
              "type": "minecraft:simple_state_provider",
              "state": {
                "Name": "minecraft:gold_ore"
              }
            },
            "root_placer": {
              "type": "minecraft:mangrove_root_placer",
              "root_provider": {
                "type": "minecraft:simple_state_provider",
                "state": {
                  "Name": "minecraft:lapis_ore"
                }
              },
              "trunk_offset_y": {
                "type": "uniform",
                "min_inclusive": 1,
                "max_inclusive": 3
              },
              "above_root_placement": {
                "above_root_placement_chance": 0.5,
                "above_root_provider": {
                  "type": "minecraft:simple_state_provider",
                  "state": {
                    "Name": "minecraft:amethyst_cluster"
                  }
                }
              },
              "mangrove_root_placement": {
                "can_grow_through": "#mangrove_roots_can_grow_through",
                "muddy_roots_in": "#dirt",
                "muddy_roots_provider": {
                  "type": "minecraft:simple_state_provider",
                  "state": {
                    "Name": "minecraft:slime_block"
                  }
                },
                "max_root_length": 15,
                "max_root_width": 8,
                "random_skew_chance": 0.2
              }
            },
            "force_dirt": true,
            "ignore_vines": false,
            "foliage_placer": {
              "type": "minecraft:spruce_foliage_placer",
              "offset": {
                "type": "minecraft:uniform",
                "min_inclusive": 0,
                "max_inclusive": 2
              },
              "radius": {
                "type": "uniform",
                "min_inclusive": 2,
                "max_inclusive": 3
              },
              "trunk_height": {
                "type": "uniform",
                "min_inclusive": 1,
                "max_inclusive": 2
              }
            },
            "trunk_placer": {
              "type": "minecraft:straight_trunk_placer",
              "base_height": 5,
              "height_rand_a": 2,
              "height_rand_b": 1
            },
            "minimum_size": {
              "type": "minecraft:two_layers_feature_size",
              "limit": 2,
              "lower_size": 0,
              "upper_size": 2
            },
            "decorators": []
          }
        },
        "placement": []
      },
      {
        "feature": {
          "type": "minecraft:tree",
          "config": {
            "dirt_provider": {
              "type": "minecraft:simple_state_provider",
              "state": {
                "Name": "minecraft:end_portal"
              }
            },
            "foliage_provider": {
              "type": "minecraft:simple_state_provider",
              "state": {
                "Name": "minecraft:redstone_ore"
              }
            },
            "trunk_provider": {
              "type": "minecraft:simple_state_provider",
              "state": {
                "Name": "minecraft:coal_ore"
              }
            },
            "force_dirt": true,
            "ignore_vines": false,
            "foliage_placer": {
              "type": "minecraft:random_spread_foliage_placer",
              "radius": 3,
              "offset": 0,
              "foliage_height": 2,
              "leaf_placement_attempts": 50
            },
            "trunk_placer": {
              "type": "minecraft:bending_trunk_placer",
              "base_height": 4,
              "height_rand_a": 2,
              "height_rand_b": 0,
              "bend_length": {
                "type": "uniform",
                "min_inclusive": 1,
                "max_inclusive": 3
              },
              "min_height_for_leaves": 3
            },
            "minimum_size": {
              "type": "minecraft:two_layers_feature_size",
              "limit": 1,
              "lower_size": 0,
              "upper_size": 1
            },
            "decorators": []
          }
        },
        "placement": []
      },
      {
        "feature": {
          "type": "minecraft:disk",
          "config": {
            "radius": {
              "type": "uniform",
              "min_inclusive": 1,
              "max_inclusive": 8
            },
            "half_height": 1,
            "target": {
              "type": "minecraft:true"
            },
            "state_provider": {
              "fallback": {
                "type": "minecraft:simple_state_provider",
                "state": {
                  "Name": "minecraft:crying_obsidian"
                }
              },
              "rules": []
            }
          }
        },
        "placement": []
      }
    ]
  }
}